[
  {
    "country": "Afghanistan",
    "capital": "Kabul",
    "region": "Asia",
    "is_small_island": false
  },
  {
    "country": "Albania",
    "capital": "Tirana",
    "region": "Europe",
    "is_small_island": false
  },
  {
    "country": "Algeria",
    "capital": "Algiers",
    "region": "Africa",
    "is_small_island": false
  },
  {
    "country": "Andorra",
    "capital": "Andorra la Vella",
    "region": "Europe",
    "is_small_island": false
  },
  {
    "country": "Angola",
    "capital": "Luanda",
    "region": "Africa",
    "is_small_island": false
  },
  {
    "country": "Antigua and Barbuda",
    "capital": "St. John's",
    "region": "North America",
    "is_small_island": true
  },
  {
    "country": "Argentina",
    "capital": "Buenos Aires",
    "region": "South America",
    "is_small_island": false
  },
  {
    "country": "Armenia",
    "capital": "Yerevan",
    "region": "Asia",
    "is_small_island": false
  },
  {
    "country": "Australia",
    "capital": "Canberra",
    "region": "Oceania",
    "is_small_island": false
  },
  {
    "country": "Austria",
    "capital": "Vienna",
    "region": "Europe",
    "is_small_island": false
  },
  {
    "country": "Azerbaijan",
    "capital": "Baku",
    "region": "Asia",
    "is_small_island": false
  },
  {
    "country": "Bahamas",
    "capital": "Nassau",
    "region": "North America",
    "is_small_island": true
  },
  {
    "country": "Bahrain",
    "capital": "Manama",
    "region": "Asia",
    "is_small_island": true
  },
  {
    "country": "Bangladesh",
    "capital": "Dhaka",
    "region": "Asia",
    "is_small_island": false
  },
  {
    "country": "Barbados",
    "capital": "Bridgetown",
    "region": "North America",
    "is_small_island": true
  },
  {
    "country": "Belarus",
    "capital": "Minsk",
    "region": "Europe",
    "is_small_island": false
  },
  {
    "country": "Belgium",
    "capital": "Brussels",
    "region": "Europe",
    "is_small_island": false
  },
  {
    "country": "Belize",
    "capital": "Belmopan",
    "region": "North America",
    "is_small_island": false
  },
  {
    "country": "Benin",
    "capital": "Porto-Novo",
    "region": "Africa",
    "is_small_island": false
  },
  {
    "country": "Bhutan",
    "capital": "Thimphu",
    "region": "Asia",
    "is_small_island": false
  },
  {
    "country": "Bolivia",
    "capital": "Sucre",
    "region": "South America",
    "is_small_island": false
  },
  {
    "country": "Bosnia and Herzegovina",
    "capital": "Sarajevo",
    "region": "Europe",
    "is_small_island": false
  },
  {
    "country": "Botswana",
    "capital": "Gaborone",
    "region": "Africa",
    "is_small_island": false
  },
  {
    "country": "Brazil",
    "capital": "Bras\u00edlia",
    "region": "South America",
    "is_small_island": false
  },
  {
    "country": "Brunei",
    "capital": "Bandar Seri Begawan",
    "region": "Asia",
    "is_small_island": false
  },
  {
    "country": "Bulgaria",
    "capital": "Sofia",
    "region": "Europe",
    "is_small_island": false
  },
  {
    "country": "Burkina Faso",
    "capital": "Ouagadougou",
    "region": "Africa",
    "is_small_island": false
  },
  {
    "country": "Burundi",
    "capital": "Gitega",
    "region": "Africa",
    "is_small_island": false
  },
  {
    "country": "Cabo Verde",
    "capital": "Praia",
    "region": "Africa",
    "is_small_island": true
  },
  {
    "country": "Cambodia",
    "capital": "Phnom Penh",
    "region": "Asia",
    "is_small_island": false
  },
  {
    "country": "Cameroon",
    "capital": "Yaound\u00e9",
    "region": "Africa",
    "is_small_island": false
  },
  {
    "country": "Canada",
    "capital": "Ottawa",
    "region": "North America",
    "is_small_island": false
  },
  {
    "country": "Central African Republic",
    "capital": "Bangui",
    "region": "Africa",
    "is_small_island": false
  },
  {
    "country": "Chad",
    "capital": "N'Djamena",
    "region": "Africa",
    "is_small_island": false
  },
  {
    "country": "Chile",
    "capital": "Santiago",
    "region": "South America",
    "is_small_island": false
  },
  {
    "country": "China",
    "capital": "Beijing",
    "region": "Asia",
    "is_small_island": false
  },
  {
    "country": "Colombia",
    "capital": "Bogot\u00e1",
    "region": "South America",
    "is_small_island": false
  },
  {
    "country": "Comoros",
    "capital": "Moroni",
    "region": "Africa",
    "is_small_island": true
  },
  {
    "country": "Congo, Democratic Republic of the",
    "capital": "Kinshasa",
    "region": "Africa",
    "is_small_island": false
  },
  {
    "country": "Congo, Republic of the",
    "capital": "Brazzaville",
    "region": "Africa",
    "is_small_island": false
  },
  {
    "country": "Costa Rica",
    "capital": "San Jos\u00e9",
    "region": "North America",
    "is_small_island": false
  },
  {
    "country": "C\u00f4te d'Ivoire",
    "capital": "Yamoussoukro",
    "region": "Africa",
    "is_small_island": false
  },
  {
    "country": "Croatia",
    "capital": "Zagreb",
    "region": "Europe",
    "is_small_island": false
  },
  {
    "country": "Cuba",
    "capital": "Havana",
    "region": "North America",
    "is_small_island": false
  },
  {
    "country": "Cyprus",
    "capital": "Nicosia",
    "region": "Asia",
    "is_small_island": true
  },
  {
    "country": "Czech Republic",
    "capital": "Prague",
    "region": "Europe",
    "is_small_island": false
  },
  {
    "country": "Denmark",
    "capital": "Copenhagen",
    "region": "Europe",
    "is_small_island": false
  },
  {
    "country": "Djibouti",
    "capital": "Djibouti",
    "region": "Africa",
    "is_small_island": false
  },
  {
    "country": "Dominica",
    "capital": "Roseau",
    "region": "North America",
    "is_small_island": true
  },
  {
    "country": "Dominican Republic",
    "capital": "Santo Domingo",
    "region": "North America",
    "is_small_island": false
  },
  {
    "country": "Ecuador",
    "capital": "Quito",
    "region": "South America",
    "is_small_island": false
  },
  {
    "country": "Egypt",
    "capital": "Cairo",
    "region": "Africa",
    "is_small_island": false
  },
  {
    "country": "El Salvador",
    "capital": "San Salvador",
    "region": "North America",
    "is_small_island": false
  },
  {
    "country": "Equatorial Guinea",
    "capital": "Malabo",
    "region": "Africa",
    "is_small_island": false
  },
  {
    "country": "Eritrea",
    "capital": "Asmara",
    "region": "Africa",
    "is_small_island": false
  },
  {
    "country": "Estonia",
    "capital": "Tallinn",
    "region": "Europe",
    "is_small_island": false
  },
  {
    "country": "Eswatini",
    "capital": "Mbabane",
    "region": "Africa",
    "is_small_island": false
  },
  {
    "country": "Ethiopia",
    "capital": "Addis Ababa",
    "region": "Africa",
    "is_small_island": false
  },
  {
    "country": "Fiji",
    "capital": "Suva",
    "region": "Oceania",
    "is_small_island": true
  },
  {
    "country": "Finland",
    "capital": "Helsinki",
    "region": "Europe",
    "is_small_island": false
  },
  {
    "country": "France",
    "capital": "Paris",
    "region": "Europe",
    "is_small_island": false
  },
  {
    "country": "Gabon",
    "capital": "Libreville",
    "region": "Africa",
    "is_small_island": false
  },
  {
    "country": "Gambia",
    "capital": "Banjul",
    "region": "Africa",
    "is_small_island": false
  },
  {
    "country": "Georgia",
    "capital": "Tbilisi",
    "region": "Asia",
    "is_small_island": false
  },
  {
    "country": "Germany",
    "capital": "Berlin",
    "region": "Europe",
    "is_small_island": false
  },
  {
    "country": "Ghana",
    "capital": "Accra",
    "region": "Africa",
    "is_small_island": false
  },
  {
    "country": "Greece",
    "capital": "Athens",
    "region": "Europe",
    "is_small_island": false
  },
  {
    "country": "Grenada",
    "capital": "St. George's",
    "region": "North America",
    "is_small_island": true
  },
  {
    "country": "Guatemala",
    "capital": "Guatemala City",
    "region": "North America",
    "is_small_island": false
  },
  {
    "country": "Guinea",
    "capital": "Conakry",
    "region": "Africa",
    "is_small_island": false
  },
  {
    "country": "Guinea-Bissau",
    "capital": "Bissau",
    "region": "Africa",
    "is_small_island": false
  },
  {
    "country": "Guyana",
    "capital": "Georgetown",
    "region": "South America",
    "is_small_island": false
  },
  {
    "country": "Haiti",
    "capital": "Port-au-Prince",
    "region": "North America",
    "is_small_island": false
  },
  {
    "country": "Honduras",
    "capital": "Tegucigalpa",
    "region": "North America",
    "is_small_island": false
  },
  {
    "country": "Hungary",
    "capital": "Budapest",
    "region": "Europe",
    "is_small_island": false
  },
  {
    "country": "Iceland",
    "capital": "Reykjav\u00edk",
    "region": "Europe",
    "is_small_island": false
  },
  {
    "country": "India",
    "capital": "New Delhi",
    "region": "Asia",
    "is_small_island": false
  },
  {
    "country": "Indonesia",
    "capital": "Jakarta",
    "region": "Asia",
    "is_small_island": false
  },
  {
    "country": "Iran",
    "capital": "Tehran",
    "region": "Asia",
    "is_small_island": false
  },
  {
    "country": "Iraq",
    "capital": "Baghdad",
    "region": "Asia",
    "is_small_island": false
  },
  {
    "country": "Ireland",
    "capital": "Dublin",
    "region": "Europe",
    "is_small_island": false
  },
  {
    "country": "Israel",
    "capital": "Jerusalem",
    "region": "Asia",
    "is_small_island": false
  },
  {
    "country": "Italy",
    "capital": "Rome",
    "region": "Europe",
    "is_small_island": false
  },
  {
    "country": "Jamaica",
    "capital": "Kingston",
    "region": "North America",
    "is_small_island": true
  },
  {
    "country": "Japan",
    "capital": "Tokyo",
    "region": "Asia",
    "is_small_island": false
  },
  {
    "country": "Jordan",
    "capital": "Amman",
    "region": "Asia",
    "is_small_island": false
  },
  {
    "country": "Kazakhstan",
    "capital": "Astana",
    "region": "Asia",
    "is_small_island": false
  },
  {
    "country": "Kenya",
    "capital": "Nairobi",
    "region": "Africa",
    "is_small_island": false
  },
  {
    "country": "Kiribati",
    "capital": "South Tarawa",
    "region": "Oceania",
    "is_small_island": true
  },
  {
    "country": "Kuwait",
    "capital": "Kuwait City",
    "region": "Asia",
    "is_small_island": false
  },
  {
    "country": "Kyrgyzstan",
    "capital": "Bishkek",
    "region": "Asia",
    "is_small_island": false
  },
  {
    "country": "Laos",
    "capital": "Vientiane",
    "region": "Asia",
    "is_small_island": false
  },
  {
    "country": "Latvia",
    "capital": "Riga",
    "region": "Europe",
    "is_small_island": false
  },
  {
    "country": "Lebanon",
    "capital": "Beirut",
    "region": "Asia",
    "is_small_island": false
  },
  {
    "country": "Lesotho",
    "capital": "Maseru",
    "region": "Africa",
    "is_small_island": false
  },
  {
    "country": "Liberia",
    "capital": "Monrovia",
    "region": "Africa",
    "is_small_island": false
  },
  {
    "country": "Libya",
    "capital": "Tripoli",
    "region": "Africa",
    "is_small_island": false
  },
  {
    "country": "Liechtenstein",
    "capital": "Vaduz",
    "region": "Europe",
    "is_small_island": false
  },
  {
    "country": "Lithuania",
    "capital": "Vilnius",
    "region": "Europe",
    "is_small_island": false
  },
  {
    "country": "Luxembourg",
    "capital": "Luxembourg",
    "region": "Europe",
    "is_small_island": false
  },
  {
    "country": "Madagascar",
    "capital": "Antananarivo",
    "region": "Africa",
    "is_small_island": false
  },
  {
    "country": "Malawi",
    "capital": "Lilongwe",
    "region": "Africa",
    "is_small_island": false
  },
  {
    "country": "Malaysia",
    "capital": "Kuala Lumpur",
    "region": "Asia",
    "is_small_island": false
  },
  {
    "country": "Maldives",
    "capital": "Mal\u00e9",
    "region": "Asia",
    "is_small_island": true
  },
  {
    "country": "Mali",
    "capital": "Bamako",
    "region": "Africa",
    "is_small_island": false
  },
  {
    "country": "Malta",
    "capital": "Valletta",
    "region": "Europe",
    "is_small_island": true
  },
  {
    "country": "Marshall Islands",
    "capital": "Majuro",
    "region": "Oceania",
    "is_small_island": true
  },
  {
    "country": "Mauritania",
    "capital": "Nouakchott",
    "region": "Africa",
    "is_small_island": false
  },
  {
    "country": "Mauritius",
    "capital": "Port Louis",
    "region": "Africa",
    "is_small_island": true
  },
  {
    "country": "Mexico",
    "capital": "Mexico City",
    "region": "North America",
    "is_small_island": false
  },
  {
    "country": "Micronesia",
    "capital": "Palikir",
    "region": "Oceania",
    "is_small_island": true
  },
  {
    "country": "Moldova",
    "capital": "Chisinau",
    "region": "Europe",
    "is_small_island": false
  },
  {
    "country": "Monaco",
    "capital": "Monaco",
    "region": "Europe",
    "is_small_island": false
  },
  {
    "country": "Mongolia",
    "capital": "Ulaanbaatar",
    "region": "Asia",
    "is_small_island": false
  },
  {
    "country": "Montenegro",
    "capital": "Podgorica",
    "region": "Europe",
    "is_small_island": false
  },
  {
    "country": "Morocco",
    "capital": "Rabat",
    "region": "Africa",
    "is_small_island": false
  },
  {
    "country": "Mozambique",
    "capital": "Maputo",
    "region": "Africa",
    "is_small_island": false
  },
  {
    "country": "Myanmar",
    "capital": "Naypyidaw",
    "region": "Asia",
    "is_small_island": false
  },
  {
    "country": "Namibia",
    "capital": "Windhoek",
    "region": "Africa",
    "is_small_island": false
  },
  {
    "country": "Nauru",
    "capital": "Yaren (de facto)",
    "region": "Oceania",
    "is_small_island": true
  },
  {
    "country": "Nepal",
    "capital": "Kathmandu",
    "region": "Asia",
    "is_small_island": false
  },
  {
    "country": "Netherlands",
    "capital": "Amsterdam",
    "region": "Europe",
    "is_small_island": false
  },
  {
    "country": "New Zealand",
    "capital": "Wellington",
    "region": "Oceania",
    "is_small_island": false
  },
  {
    "country": "Nicaragua",
    "capital": "Managua",
    "region": "North America",
    "is_small_island": false
  },
  {
    "country": "Niger",
    "capital": "Niamey",
    "region": "Africa",
    "is_small_island": false
  },
  {
    "country": "Nigeria",
    "capital": "Abuja",
    "region": "Africa",
    "is_small_island": false
  },
  {
    "country": "North Korea",
    "capital": "Pyongyang",
    "region": "Asia",
    "is_small_island": false
  },
  {
    "country": "North Macedonia",
    "capital": "Skopje",
    "region": "Europe",
    "is_small_island": false
  },
  {
    "country": "Norway",
    "capital": "Oslo",
    "region": "Europe",
    "is_small_island": false
  },
  {
    "country": "Oman",
    "capital": "Muscat",
    "region": "Asia",
    "is_small_island": false
  },
  {
    "country": "Pakistan",
    "capital": "Islamabad",
    "region": "Asia",
    "is_small_island": false
  },
  {
    "country": "Palau",
    "capital": "Ngerulmud",
    "region": "Oceania",
    "is_small_island": true
  },
  {
    "country": "Panama",
    "capital": "Panama City",
    "region": "North America",
    "is_small_island": false
  },
  {
    "country": "Papua New Guinea",
    "capital": "Port Moresby",
    "region": "Oceania",
    "is_small_island": false
  },
  {
    "country": "Paraguay",
    "capital": "Asunci\u00f3n",
    "region": "South America",
    "is_small_island": false
  },
  {
    "country": "Peru",
    "capital": "Lima",
    "region": "South America",
    "is_small_island": false
  },
  {
    "country": "Philippines",
    "capital": "Manila",
    "region": "Asia",
    "is_small_island": false
  },
  {
    "country": "Poland",
    "capital": "Warsaw",
    "region": "Europe",
    "is_small_island": false
  },
  {
    "country": "Portugal",
    "capital": "Lisbon",
    "region": "Europe",
    "is_small_island": false
  },
  {
    "country": "Qatar",
    "capital": "Doha",
    "region": "Asia",
    "is_small_island": false
  },
  {
    "country": "Romania",
    "capital": "Bucharest",
    "region": "Europe",
    "is_small_island": false
  },
  {
    "country": "Russia",
    "capital": "Moscow",
    "region": "Europe",
    "is_small_island": false
  },
  {
    "country": "Rwanda",
    "capital": "Kigali",
    "region": "Africa",
    "is_small_island": false
  },
  {
    "country": "Saint Kitts and Nevis",
    "capital": "Basseterre",
    "region": "North America",
    "is_small_island": true
  },
  {
    "country": "Saint Lucia",
    "capital": "Castries",
    "region": "North America",
    "is_small_island": true
  },
  {
    "country": "Saint Vincent and the Grenadines",
    "capital": "Kingstown",
    "region": "North America",
    "is_small_island": true
  },
  {
    "country": "Samoa",
    "capital": "Apia",
    "region": "Oceania",
    "is_small_island": true
  },
  {
    "country": "San Marino",
    "capital": "San Marino",
    "region": "Europe",
    "is_small_island": false
  },
  {
    "country": "S\u00e3o Tom\u00e9 and Pr\u00edncipe",
    "capital": "S\u00e3o Tom\u00e9",
    "region": "Africa",
    "is_small_island": true
  },
  {
    "country": "Saudi Arabia",
    "capital": "Riyadh",
    "region": "Asia",
    "is_small_island": false
  },
  {
    "country": "Senegal",
    "capital": "Dakar",
    "region": "Africa",
    "is_small_island": false
  },
  {
    "country": "Serbia",
    "capital": "Belgrade",
    "region": "Europe",
    "is_small_island": false
  },
  {
    "country": "Seychelles",
    "capital": "Victoria",
    "region": "Africa",
    "is_small_island": true
  },
  {
    "country": "Sierra Leone",
    "capital": "Freetown",
    "region": "Africa",
    "is_small_island": false
  },
  {
    "country": "Singapore",
    "capital": "Singapore",
    "region": "Asia",
    "is_small_island": true
  },
  {
    "country": "Slovakia",
    "capital": "Bratislava",
    "region": "Europe",
    "is_small_island": false
  },
  {
    "country": "Slovenia",
    "capital": "Ljubljana",
    "region": "Europe",
    "is_small_island": false
  },
  {
    "country": "Solomon Islands",
    "capital": "Honiara",
    "region": "Oceania",
    "is_small_island": true
  },
  {
    "country": "Somalia",
    "capital": "Mogadishu",
    "region": "Africa",
    "is_small_island": false
  },
  {
    "country": "South Africa",
    "capital": "Pretoria",
    "region": "Africa",
    "is_small_island": false
  },
  {
    "country": "South Korea",
    "capital": "Seoul",
    "region": "Asia",
    "is_small_island": false
  },
  {
    "country": "South Sudan",
    "capital": "Juba",
    "region": "Africa",
    "is_small_island": false
  },
  {
    "country": "Spain",
    "capital": "Madrid",
    "region": "Europe",
    "is_small_island": false
  },
  {
    "country": "Sri Lanka",
    "capital": "Sri Jayawardenepura Kotte",
    "region": "Asia",
    "is_small_island": false
  },
  {
    "country": "Sudan",
    "capital": "Khartoum",
    "region": "Africa",
    "is_small_island": false
  },
  {
    "country": "Suriname",
    "capital": "Paramaribo",
    "region": "South America",
    "is_small_island": false
  },
  {
    "country": "Sweden",
    "capital": "Stockholm",
    "region": "Europe",
    "is_small_island": false
  },
  {
    "country": "Switzerland",
    "capital": "Bern",
    "region": "Europe",
    "is_small_island": false
  },
  {
    "country": "Syria",
    "capital": "Damascus",
    "region": "Asia",
    "is_small_island": false
  },
  {
    "country": "Taiwan",
    "capital": "Taipei",
    "region": "Asia",
    "is_small_island": false
  },
  {
    "country": "Tajikistan",
    "capital": "Dushanbe",
    "region": "Asia",
    "is_small_island": false
  },
  {
    "country": "Tanzania",
    "capital": "Dodoma",
    "region": "Africa",
    "is_small_island": false
  },
  {
    "country": "Thailand",
    "capital": "Bangkok",
    "region": "Asia",
    "is_small_island": false
  },
  {
    "country": "Timor-Leste",
    "capital": "Dili",
    "region": "Asia",
    "is_small_island": false
  },
  {
    "country": "Togo",
    "capital": "Lom\u00e9",
    "region": "Africa",
    "is_small_island": false
  },
  {
    "country": "Tonga",
    "capital": "Nuku'alofa",
    "region": "Oceania",
    "is_small_island": true
  },
  {
    "country": "Trinidad and Tobago",
    "capital": "Port of Spain",
    "region": "North America",
    "is_small_island": true
  },
  {
    "country": "Tunisia",
    "capital": "Tunis",
    "region": "Africa",
    "is_small_island": false
  },
  {
    "country": "Turkey",
    "capital": "Ankara",
    "region": "Asia",
    "is_small_island": false
  },
  {
    "country": "Turkmenistan",
    "capital": "Ashgabat",
    "region": "Asia",
    "is_small_island": false
  },
  {
    "country": "Tuvalu",
    "capital": "Funafuti",
    "region": "Oceania",
    "is_small_island": true
  },
  {
    "country": "Uganda",
    "capital": "Kampala",
    "region": "Africa",
    "is_small_island": false
  },
  {
    "country": "Ukraine",
    "capital": "Kiev",
    "capital_previous": "Kyiv",
    "region": "Europe",
    "is_small_island": false
  },
  {
    "country": "United Arab Emirates",
    "capital": "Abu Dhabi",
    "region": "Asia",
    "is_small_island": false
  },
  {
    "country": "United Kingdom",
    "capital": "London",
    "region": "Europe",
    "is_small_island": false
  },
  {
    "country": "United States",
    "capital": "Washington, D.C.",
    "region": "North America",
    "is_small_island": false
  },
  {
    "country": "Uruguay",
    "capital": "Montevideo",
    "region": "South America",
    "is_small_island": false
  },
  {
    "country": "Uzbekistan",
    "capital": "Tashkent",
    "region": "Asia",
    "is_small_island": false
  },
  {
    "country": "Vanuatu",
    "capital": "Port Vila",
    "region": "Oceania",
    "is_small_island": true
  },
  {
    "country": "Vatican City",
    "capital": "Vatican City",
    "region": "Europe",
    "is_small_island": false
  },
  {
    "country": "Venezuela",
    "capital": "Caracas",
    "region": "South America",
    "is_small_island": false
  },
  {
    "country": "Vietnam",
    "capital": "Hanoi",
    "region": "Asia",
    "is_small_island": false
  },
  {
    "country": "Yemen",
    "capital": "Sana'a",
    "region": "Asia",
    "is_small_island": false
  },
  {
    "country": "Zambia",
    "capital": "Lusaka",
    "region": "Africa",
    "is_small_island": false
  },
  {
    "country": "Zimbabwe",
    "capital": "Harare",
    "region": "Africa",
    "is_small_island": false
  }
]
